Model,CV ROC AUC Mean,CV ROC AUC Std,CV F1 Mean,CV F1 Std
Gradient Boosting,0.861110267184636,0.01630478571216226,0.6121432120103645,0.03172227661153701
Random Forest,0.8587018626119608,0.012776863814349792,0.6435026040915224,0.02210626580700536
Logistic Regression,0.8557814978071641,0.021335770994826895,0.6421265381278822,0.02381271954488873
Decision Tree,0.8181115051537212,0.018810106324001576,0.6066190283549402,0.021631889878556985
