method,seeds,delta_mean,delta_std,delta_ci95_low,delta_ci95_high
bm25_enriched_k1.2_b0.75,5,-0.01458247665724852,0.01241800468623981,-0.029998994113728642,0.0008340407992316022
