seed,weighted_alpha,rrf_k,union_validation_recall@50
42,0.8,20,0.8184627835112042
52,0.8,20,0.7545584256395754
62,0.8,100,0.8382785223852879
72,0.8,20,0.8201223211049211
82,0.65,20,0.8083529408338269
