Model,CV MAE Mean,CV MAE Std,CV RMSE Mean,CV RMSE Std,CV R2 Mean,CV R2 Std
Random Forest,0.35036405726408193,0.008608177931125382,0.5275585499447905,0.022186527917628488,0.7897639078162695,0.01724403283633132
Gradient Boosting,0.37890427697970697,0.008844332033752409,0.5437399736328753,0.02026865209895277,0.7766715364700385,0.017128548950617505
Ridge,0.48823678627974443,0.007053325301327514,0.6825043992736513,0.02005783552934833,0.6480147090218424,0.026491234689145115
Linear Regression,0.4882377358013758,0.007052242973679024,0.6825148450170634,0.020102683731510997,0.648001568746751,0.026547252445959634
