Model,CV Accuracy Mean,CV Precision Mean,CV Recall Mean,CV F1 Mean,CV Accuracy Std,CV Precision Std,CV Recall Std,CV F1 Std
MultinomialNB,0.8105206328341392,0.8190578166310329,0.7986504299792857,0.8083699335338739,0.018621074171989358,0.030295128993155968,0.014232175900794222,0.015968124536612328
Logistic Regression,0.8082750418603195,0.814146588136399,0.7986567070491495,0.8063202830447166,0.008345143736944253,0.008228078947147692,0.009359075382067691,0.008497201186305873
LinearSVC,0.8037963788867503,0.8041287950701325,0.8031071495825749,0.8035168665847578,0.00769841202506824,0.008543554447579893,0.015502883442531108,0.008789296503870348
